{
  "n": 11,
  "top_ks": [
    1,
    3,
    5,
    10
  ],
  "results": {
    "@1": {
      "recall": 0.9090909090909091,
      "mrr": 0.9090909090909091
    },
    "@3": {
      "recall": 1.0,
      "mrr": 0.9545454545454546
    },
    "@5": {
      "recall": 1.0,
      "mrr": 0.9545454545454546
    },
    "@10": {
      "recall": 1.0,
      "mrr": 0.9545454545454546
    }
  }
}