fpr,tpr,threshold
0.0,0.0,inf
0.3333333333333333,0.0,0.71
0.3333333333333333,1.0,0.42
1.0,1.0,0.21
